district,tract,total,male,female,age_0_18,age_25_64,white,black,hispanic,asian
1,21111000600,1.0436563779182459e-6,1.0564962850691805e-6,1.0333547006969278e-6,1.1175364248271259e-6,8.912618838923763e-7,1.0879705257313397e-7,1.5961113679145058e-6,0,0
1,21111001000,0.08199666511864646,0.07243378513096088,0.08966912737100519,0.09467826596838834,0.07616516788350189,0.02658874061582232,0.10130514163829102,0.1381663767219271,0
1,21111001100,0.02748531559283044,0.0269624737243951,0.02790480057064974,0.028052915166166398,0.027048088863670786,0.0021689590735022744,0.04201363101448714,0.00491093460705113,0
1,21111001200,0.1057671692011161,0.09486152810561432,0.11451695166735622,0.1268414956752002,0.09399785429222184,0.0019251643727352507,0.16154509721913463,0.030715372581631005,0
1,21111001400,0.10079289668518379,0.08453204260648164,0.1138392581652624,0.13333194502138868,0.08550216962426645,0.0022082147923495297,0.15673865591284666,0.01876059639888853,0
1,21111001500,0.04930439205778507,0.03650131326836619,0.05957652125445871,0.05460631551026647,0.05325525615178816,0.007284475788145313,0.073251234333341,0.015908419774398698,0
1,21111001600,6.86685242310867e-6,7.023504718727951e-6,6.741167605728131e-6,1.2615756025865356e-5,5.293373401378751e-6,2.984945366379859e-6,8.654390257356564e-6,3.299620267042134e-6,0
1,21111001700,0.02754531181997496,0.02616164866091916,0.028655448449474208,0.03465539039470822,0.02568332055819717,0.0038011829042071624,0.040935597355459166,0.00560254146947979,0
1,21111012411,0.029039686763148758,0.027280584509469796,0.030451044602708702,0.025046048923229557,0.031575596669272496,0.07141179507138644,0.007673816240564909,5.280695401991682e-8,0
1,21111012503,0.11608551210620738,0.1266720789478798,0.10759172837375436,0.09392337809244138,0.11646044230123141,0.24113891647141453,0.058344198813092774,0.05187601211542795,1
1,21111012601,0.039585819214017104,0.041286694052917385,0.038221178225710875,0.021767847031025342,0.04761792071198903,0.039891403964507154,0.04359790346193873,0,0
1,21111012604,0.1853679604318964,0.20510195245042903,0.16953504095099592,0.1596491332215555,0.1963299313697027,0.21688950215213315,0.17226518967952653,0.2295232015513888,0
1,21111012701,0.12698662485923784,0.1295847090215033,0.12490213747791529,0.10591007426925159,0.13737832515874687,0.14872963057500022,0.11316090662778257,0.20762877657311773,0
1,21111012702,0.07573208960700628,0.08817018685423401,0.06575279134712943,0.07362415368215464,0.07551408589842967,0.18211277287494357,0.01710643745748247,0.1550756909120678,0
1,21111012703,0.03430264603414841,0.0404429226658256,0.029376197021272577,0.047899303751772974,0.03346565588169626,0.0558461476014342,0.012051939744427122,0.14182872486740042,0
2,21111011002,0.0900375893909842,0.08297335985441817,0.09617363184013265,0.08324068847658402,0.09061839072704986,0.149062391130704,0.057708575264805696,0.057834477672227234,0.17534264527655163
2,21111011005,0.04080330545123174,0.05436671575386788,0.02902202612821456,0.03434986146675537,0.04520048272784603,0.09463861466193582,0.015586136160925062,0.01045957527984916,0.05065881648494706
2,21111011301,0.028096920472598062,0.03178807388405255,0.024890757096710132,0.02475219779940723,0.0296829672356429,0.0012149841140495067,0.04753782481717456,0.026568381182987388,0
2,21111011302,0.27673841537591465,0.2426936529250886,0.30630994989190535,0.34883298791035433,0.22881984792346427,0.10802064015088231,0.42592661289192485,0.1932726190008564,0.08420225773885535
2,21111011404,0.07400385303845271,0.07317471583817883,0.07472404779298526,0.07007379283753958,0.07739531622782192,0.09134997583559197,0.052163185067569555,0.13999035569223642,0.0022655433578786144
2,21111011405,0.20998826645176977,0.21466349379720245,0.2059273291191842,0.18939300282731736,0.2225560320170484,0.1824964142469227,0.19536094893544642,0.19828187785263937,0.49156627930369834
2,21111011406,0.1621734312122187,0.1746269016581552,0.15135625392488103,0.13555544531887914,0.17363437763197062,0.24491717399690074,0.12123535939850628,0.19616981703395756,0.02760131086731649
2,21111011505,1.1484631297940792e-7,1.4150997557717864e-7,9.168605683217853e-8,4.744542924459512e-8,1.5877213306452426e-7,2.1867482588116043e-7,3.569867142037013e-8,1.8145942631227682e-7,1.8833785499109144e-7
2,21111011508,0.11805769109049485,0.12560453973650915,0.11150244208428087,0.11373171706902997,0.13198395584749287,0.1280478964488314,0.08445075280839925,0.17734773772412848,0.16836295863289757
2,21111011800,1.3548178214363448e-8,1.618557447529074e-8,1.1257316156653193e-8,7.474025949719338e-9,1.2006975081340536e-8,1.963267331592608e-8,9.547498280298248e-9,2.2111012720504594e-8,0
2,21111011906,1.003991218441271e-4,1.0838885697711071e-4,9.345917833299486e-5,7.025137467780365e-5,1.0845888255494063e-4,2.516711066823499e-4,3.055940907863542e-5,7.49549906788795e-5,0
3,21111001400,8.963761159064282e-4,7.512800159060101e-4,0.001027218073524432,0.0013688908803910797,6.996015491509287e-4,0,0.0015647806407917237,1.8228137966529056e-4,0
3,21111001500,0.058257586695001105,0.05144941236500591,0.0643969305997556,0.052331325486315555,0.058060568531341235,0.0028844947185886886,0.09960310593163713,0.006941008700590726,0
3,21111001600,0.07141959669988202,0.07678653188546326,0.06657990558421197,0.0759407073314264,0.0680623685597072,0.01948831591545204,0.11138593079890305,0.002468521594884489,0
3,21111002800,0.048457965330008033,0.03404804596276748,0.061452263999110156,0.06097513628627482,0.04984302363420246,0.027672627180370883,0.059976945247885084,0,0
3,21111003600,0.007043035682912036,0.011295418258399047,0.0032084042854050943,0.01017028214205006,0.0049220490539366975,0.0061590927106794455,0.008770204329119185,2.4561935920432457e-5,0
3,21111003900,0.04365466396765199,0.05487462474993252,0.03353694451725609,0.05038692841569769,0.04574250867116428,0.06688321462802635,0.02455492809077861,0.11195364392095442,8.307884974100168e-9
3,21111004301,0.047199169716654124,0.044117852535513466,0.04997778038931365,0.05957299032227133,0.043043494053205365,0.04304869352536029,0.030491563049271763,0.06320409133066399,0.4498223487051133
3,21111012301,9.051132126185366e-4,0.0010153491699496189,8.057067609147904e-4,8.337641657678477e-4,8.926570409419838e-4,0.001458523604539548,1.5063831939900627e-4,0.0034211976939803753,0.007758756437098856
3,21111012302,2.578297070534415e-5,2.215517623454394e-5,2.9054373109639677e-5,2.1239030484850756e-5,2.262812459644525e-5,5.186620805194279e-5,8.32677035007143e-6,6.773434272178724e-6,2.2663820401367547e-5
3,21111012501,0.10575992460538414,0.10357639849570202,0.10772894259208404,0.10861067377790386,0.11126086118758886,0.18582814000676456,0.05204238351154399,0.22605054745302644,0.03668161320181525
3,21111012502,0.04454655635398701,0.031675118535029356,0.05615351285789013,0.04310797980971538,0.03767194864932595,0.04833749836158825,0.022997522024285497,0.10571506621095522,0.46724402793708353
3,21111012503,0.009204820922052425,0.00881496789229045,0.009556375054777013,0.007392132685029892,0.009020000469179114,0.02394689340944836,9.238277905207838e-4,0.005419917436763065,1.0630012212976197e-4
3,21111012601,0.2167035439348328,0.2290795662951678,0.20554333361115246,0.16190255223901426,0.22551810702030467,0.18527510217658508,0.25600897624954605,0.09759203967759429,0.023352171328635755
3,21111012603,0.11781791216458191,0.11491493666181297,0.12043570132430644,0.13454270239082639,0.1097853826429742,0.17115380373925757,0.09864490802245193,0.03822354887372443,0
3,21111012604,0.031483629597117126,0.027962737075905027,0.0346586320267941,0.028204819142993057,0.03193115904099554,0.07681561094560505,0.006800999455965439,0.016742747411782024,0
3,21111012701,6.689650706338752e-8,6.651324668774106e-8,6.724211619986224e-8,8.94344103737411e-8,6.760262319186374e-8,1.1174953368108947e-7,2.474803646803971e-8,3.2371446925173204e-7,0
3,21111012801,0.11129112057585072,0.12789300959076516,0.09632018986949831,0.11859690062598771,0.11487523940427115,0.07411471605354066,0.14090252018663355,0.07156749576356915,0.00500403671327909
3,21111012802,0.08533313455834718,0.08172252882090875,0.08858903683877983,0.08604088583343952,0.08864833476449069,0.06688129506660755,0.08517241483288072,0.2504862334671843,0.01000807342655818
4,21111000200,2.4351928022138736e-6,3.3368148315160456e-6,1.5417322580156842e-6,1.169145352897156e-6,2.7057402309244266e-6,4.405134604485202e-6,7.337962720802789e-7,6.383737096946326e-6,0
4,21111001800,0.006289310817326693,0.0069289508995859445,0.005655460758861902,0.007881218823170319,0.006258634718506378,2.554642032171443e-4,0.011071965556437104,0.006476525513084692,0
4,21111002300,0.045251436402854076,0.04098925551096136,0.04947503602152016,0.06823310461994733,0.038044553997208054,0.06101933882711115,0.031004379564172412,0.08991878041319029,0
4,21111002400,0.11443645799903694,0.08742452530408437,0.14120387860449424,0.17884115656239,0.09831432262721847,0.01425666416126015,0.20017739066448606,0.03405100795237944,0
4,21111002700,0.004088882815827292,0.004841050681882252,0.0033435235753770712,0.003554379457790146,0.0045028465564221146,0.003997185106846434,0.004282845844692859,0,0.008336010209917094
4,21111003000,0.12572889165749512,0.1016613851656972,0.14957853901393578,0.25165471739003886,0.09218639235201453,0.025375998131695734,0.2064479084271771,0.06810201590475888,0
4,21111004900,0.14953444456065634,0.1884273183566987,0.11099362916583023,0.02639401843513517,0.18009230203280233,0.19626374516230807,0.11494697869691847,0.1280172817540968,0.5582483944624206
4,21111005000,0.05335788052269214,0.04791943095483613,0.058747101230012026,0.03697422020162509,0.03165581884599095,0.06002702066598482,0.04716894324058477,0.0667528792042684,0.06604526640000136
4,21111005900,0.18910863201760816,0.2017103763209674,0.17662095873855127,0.12405649764687704,0.2236839153310969,0.16845108411351736,0.1963996531445675,0.32193784610917203,0.17411878276547274
4,21111006200,0.08016296826922455,0.08347252560746928,0.076883369053163,0.10153266452483922,0.08353777558551423,0.05776499938342375,0.09598633182829269,0.01402100327450918,0.0840576117818199
4,21111006300,0.05994890250628563,0.059753434822905786,0.060142600815654666,0.043037026999028796,0.068691616973318,0.1268189392047588,0.004918446987018811,0.11058562424442978,0.05895806122240308
4,21111006400,0.018062535927096817,0.01799791186495253,0.01812657501205176,0.013353246481583033,0.02013731169092367,0.0393334380359521,0.0014610877635369652,0.059869621407180294,0
4,21111006500,0.08541375753470049,0.08228485179424072,0.0885143404117401,0.10294228489169845,0.08440741865884324,0.10582164420820386,0.07037580312949952,0.062140097209230416,0.016270494518151515
4,21111006800,0.009291012284171177,0.010147975791022997,0.008441806013354553,0.004069494419145812,0.011547393084287316,0.02103231049876343,0.0011410213464739599,0.0035698073657354093,0.008322777267590233
4,21111006900,1.952412610579254e-5,1.9176060364202556e-5,1.9869041155326582e-5,7.0626208858204185e-6,1.9575484038830252e-5,4.3072703289270005e-5,2.0354447845433893e-6,1.740615856027944e-5,0
4,21111007100,0.02991458802284139,0.038871606738733404,0.021038648265149222,0.01785384102246593,0.020204354901236354,0.05509424559959705,0.012620810102333164,0.03449727311327934,0
4,21111007400,0.005671630559613417,0.005311987381846147,0.006028018246340424,0.002718421805042292,0.007242643536500141,0.013238187458502786,3.8887518796556673e-4,0,0.011927899684592238
4,21111008100,0.02369692334253204,0.022212471091274395,0.0251679383279039,0.016886310845492317,0.029447170738734346,0.05115823324533935,0.0016033454775726277,3.1004653289269757e-7,0.013696648083789106
4,21111008200,1.9785441129743138e-5,2.2428837645660357e-5,1.7165972646402136e-5,9.16410749151811e-6,2.3247145113194094e-5,4.402415562431437e-5,1.443797213728896e-6,3.613659249496118e-5,1.8053603842206785e-5
5,21111000200,0.10408061378832356,0.11425111278041716,0.0951159448212696,0.07036092101745926,0.12224218621773728,0.3201893466735827,0.020795468218703213,0.15472928217316642,0
5,21111000300,0.08911319393051577,0.08523505529614579,0.09253153447531069,0.06047952951268569,0.09345160522154036,0.1725778833335584,0.06055156415795955,0,0.9981392975796124
5,21111000400,0.17131723651835712,0.1603211923802854,0.1810095727273827,0.18077977013377944,0.16561782142226186,0.1290768466255127,0.19024318373267934,0.12894791794855842,0
5,21111000600,0.06648883112667665,0.06921642360649496,0.06408462621228594,0.06166298470454544,0.05933447344835894,0.005419505348847662,0.09160710241591319,0,0
5,21111000700,0.1011856357927157,0.09720760724937186,0.10469202314502675,0.09684630542881041,0.10183454952768478,0.04350103670804571,0.12915146289177634,0,0
5,21111000800,0.07993813811524383,0.07104242748404338,0.08777915959289291,0.07009827821513896,0.08193416869657673,0.005705053994497798,0.11246062138882407,0,0
5,21111000900,0.07510916137036386,0.07762336663714114,0.07289304415237843,0.08604168359865742,0.07850809580623945,0.007987075592296918,0.10138740938848356,0.1573164598972413,0
5,21111001000,0.0071397461245693945,0.00779068138514171,0.006565986751056827,0.00698770787220302,0.005121675321812036,0.0012670288494037872,0.009538858115774445,0,0
5,21111001100,0.08802966027672977,0.08579475629722355,0.08999959059824103,0.0940869100357551,0.0880155646577995,0.010026947769303404,0.1229519990095004,0.060089117916755266,0
5,21111001200,0.018142579070940083,0.017964977696904895,0.01829912375252916,0.02085313682171382,0.015973455524954022,7.386720129259638e-4,0.024452871660407473,0.03958171099866799,0
5,21111002100,0.09301352130138037,0.10244064320243755,0.08470409349250495,0.10975914615265181,0.09505529891488973,0.20680820730054517,0.044130800996478994,0.23726416902534753,0
5,21111002300,0.045109027667963784,0.046851350947409026,0.043573276920044646,0.05536787470571801,0.04084628641960152,0.08425404645162886,0.02472679001454922,0.13954217148862763,0
5,21111002400,0.06109699538887219,0.06392375938841083,0.058605376882882566,0.08663831778212958,0.05173884813281546,0.011980613388445376,0.06784889300486174,0.08230417395388454,0
5,21111004900,2.3565952734794574e-4,3.366456485726931e-4,1.466464761937779e-4,3.7434018752083315e-5,3.25970687728403e-4,4.677359514055326e-4,1.5297500408846903e-4,2.2499659775086276e-4,0.0018607024203875766
6,21111000600,1.265532445717067e-6,1.1650138788464686e-6,1.3619224925249172e-6,1.7127638603675546e-6,1.323361760122839e-6,8.58589732408164e-8,2.6930781685610192e-6,0,0
6,21111001000,0.013854586332939216,0.013624280760903199,0.01407543274529643,0.01790762146553006,0.01334016731877148,0.00127826567778524,0.026710821090091492,0.006012852944439036,0
6,21111001600,0.02203855896261429,0.020499860813940396,0.023514059372053687,0.0511366618474846,0.02080916877265396,0.006234655852725476,0.03865188814539253,0.013574301843099027,0
6,21111001700,0.05410744622158344,0.050597302164768765,0.05747342089145936,0.09771066868510667,0.05377040345478827,0.002687800495001421,0.11537793274626425,0.0013582584913276118,0.01827487557004041
6,21111001800,0.03808859511620622,0.042819341612723674,0.033552150850915306,0.052861854905923496,0.0496734747438298,0.001334414027193707,0.07853038190891434,0.02337857332352612,0
6,21111002400,0.015158746229567135,0.01250993367842867,0.017698766185463833,0.0285742183843422,0.015614409486066926,1.7349174154047815e-4,0.029245310244139434,0.007336847115689797,0
6,21111002700,0.07339401214692659,0.07240270426549032,0.07434460481918026,0.12186004306926596,0.08874962613662167,0.024193952785787523,0.13388215736714554,0,0.03934405816779591
6,21111002800,0.03281455924073703,0.02994001075752356,0.03557104365425909,0.0596169200960498,0.037537119874995827,0.008210665656362864,0.05709198198056446,0,0
6,21111003500,0.17454725834544355,0.13861552108525943,0.20900319961304203,0.18640769499930848,0.07338794062602874,0.19539317159765784,0.1461772069412666,0.24497674152874716,0.29696672801315666
6,21111003600,0.1422318520961792,0.15615380220216638,0.12888170730053974,0.14767876090328214,0.18810084275419164,0.14768527197323475,0.13586247290799616,0.20868212972840225,0
6,21111003700,0.027626756329101502,0.026853713269898032,0.028368048798551752,0.03696016956767475,0.03153333288976963,0.024642328727355722,0.023955564030440493,0.06952719476813385,0.19575250458153934
6,21111004900,0.0032290502765565795,0.0031446277930085834,0.0033100053418163348,0.001120886525222767,0.004341271667101933,0.0024845990209308114,0.004451048793704139,0,0
6,21111005000,0.015214407151555802,0.017977134776272895,0.012565150866330022,0.01607304363510844,0.020198373623736932,0.010858090683256019,0.016496215295048258,0.023294164988863646,0
6,21111005100,0.08692171937767047,0.09613551698086592,0.07808635283893564,0.03490253231305272,0.10879116826471597,0.12933695733594966,0.044555937115751454,0.1261176558240587,0
6,21111005200,0.10666065970009325,0.10535041017889589,0.10791709437291105,0.053684164051018314,0.13652369658168761,0.13814907835615653,0.06690418317696432,0.11522980064500328,0.06853078338765155
6,21111005300,0.1087927176563723,0.11734694879049917,0.10058982773171665,0.02282343717721147,0.041804403099777,0.1789392123905418,0.039390270576757105,0.09019468927878425,0.34337526099484894
6,21111006500,0.023696631757888373,0.025993160703711934,0.02149442633977408,0.039046606687958556,0.025297571961540033,0.021742759974690124,0.02567539074072707,0.022661704048369213,0.0012060381448863425
6,21111006600,0.06084840274432434,0.06901366820652237,0.05301850281038488,0.031146205965459604,0.08983569013316885,0.1053985183440491,0.016655768290903934,0.047180705775906856,0.03654975114008082
6,21111007100,7.727718050156492e-4,0.0010208943380952751,5.348402136469008e-4,4.8679426600431935e-4,6.900112547614092e-4,0.0012566777839734696,3.82771200472287e-4,4.7437779312268634e-4,0
6,21111012802,2.9767793656966955e-9,2.6071467027982985e-9,3.3312303968614464e-9,2.6911353293835643e-9,3.9940321915081915e-9,1.7168341752013135e-9,4.369287604452182e-9,1.9025264361010994e-9,0
7,21111007501,0.12014693185365705,0.12100542688216315,0.11940454761006039,0.15450996040581333,0.10528874003705047,0.1385433090498819,0,0.04147673809473434,0.012463677595841218
7,21111007502,0.0062533935668931066,0.0059434644451928234,0.006521405015931335,0.008487912347732052,0.005189448608860836,0.007116839447795425,5.728600807941834e-4,0.0027563419862095275,0.0017796795961949785
7,21111007700,0.012020842006348075,0.012755501945675008,0.01138554425243207,0.008212250517234789,0.01033233710669118,0.012888280589532702,0.003366525082695349,0.012196633077242064,0.011294698287261902
7,21111009800,0.013144526328633641,0.012863800440383174,0.013387284258833274,0.014381026623651509,0.014005803629911545,0.015106451724362008,9.313752903594859e-4,0.0026368631970228717,0.002893875234215988
7,21111009900,0.0620326184262003,0.05988906197580379,0.06388626053383543,0.06376066900530086,0.06530783162117618,0.06747384301135587,0.02013483690526563,0.03176518269924106,0.04754453817543882
7,21111010001,0.13582535725606767,0.13296639788957854,0.13829764459179975,0.12328204567071532,0.13103277708323244,0.14360592462804703,0.032914375238818655,0.1011191367549838,0.23046649068033662
7,21111010004,0.16306422791414785,0.15836362161111836,0.1671290808705973,0.14553252963525987,0.18564384258338648,0.14043711073337461,0.3774540054581072,0.2042087320986629,0.14157475050559953
7,21111010005,0.13193740767267872,0.13249044591328565,0.13145916742398744,0.13913344828293167,0.1382564677570627,0.12883029813990618,0.19531241574338634,0.06539931968436813,0.1118768986058437
7,21111010006,0.052134898564283494,0.05608922451616363,0.04871539212191131,0.049108356379703386,0.04958183293217034,0.04970076160423157,0.05355527276841891,0.14311938590951942,0.008637497305808975
7,21111010007,0.1404187170824464,0.14384952617403868,0.13745192225217426,0.14511229262015377,0.12835269935875077,0.1408884620399575,0.12555606123108692,0.12329826677804365,0.21389170128256713
7,21111010008,0.08685464559238773,0.09041956141887054,0.08377188185881726,0.09001483205135354,0.0824035854887825,0.08169594396709587,0.08881238893495953,0.19619274633901837,0.13528956878793513
7,21111010104,0.06576729868664749,0.06390443810345856,0.06737820882480317,0.04612766745781821,0.0768592056946755,0.0631731606690855,0.09900210433948323,0.07212281010538836,0.03783889414665271
7,21111010309,5.541627741061148e-4,5.671741839818203e-4,5.429111472964519e-4,6.629756573573115e-4,4.6218123840100725e-4,5.574070567042265e-4,1.8680810407326924e-4,3.853942024625263e-4,0.0011477365967587643
7,21111010318,0.009844891681820333,0.008892266215957371,0.010668675294331433,0.011673972048412772,0.007283150843755867,0.009982145957052506,0.0022008125979907675,0.003322231761003032,0.04329965477459133
7,21111010701,8.059368199439938e-8,8.828432885146978e-8,7.394318914333384e-8,6.129656153487626e-8,9.601609223104064e-8,6.138161706079828e-8,1.582245605313802e-7,2.1731210000375307e-7,3.3842495327009954e-7
8,21111006300,0.0031162202021037633,0.0025524420783776627,0.003666071977921869,0.003073183381912856,0.00332882216858461,0.002848359213011591,0.003996552132471859,0.004086692756069705,0.0029079134379374665
8,21111006400,0.04255421893870648,0.04481203708957562,0.04035217301410639,0.04514982679592911,0.050148126969937826,0.042719068772767904,0.0574709049593813,0.04703336576155252,0.04187978090207194
8,21111006900,0.009164310328802746,0.008769772532048213,0.00954910232239602,0.011443458573967752,0.010586186485502528,0.007775418537702394,0.049010690346087446,0.003701409167393094,0.02400726796549281
8,21111008100,1.7459284308979866e-4,1.6497428791124925e-4,1.8397380241254682e-4,1.6183312957723523e-4,2.202500017059436e-4,1.6678927353472659e-4,2.6174548141492753e-4,0,4.847753529432053e-5
8,21111008200,0.13519672704367158,0.14905878968520875,0.1216770826318319,0.11666986048249038,0.15672547101056938,0.13060282623545239,0.16888897224220747,0.33392808660866125,0.08374938212344385
8,21111008300,0.08586401576931993,0.08087293094346416,0.0907318116969407,0.10116881262600964,0.09224326476761552,0.08602456030984772,0.0951311530433725,0.06986903625814424,0.06040587688298749
8,21111008400,0.09340868570067312,0.09442913064777364,0.09241344760491398,0.09133452590984582,0.10294888405905918,0.09511756969139862,0.04655414490532494,0.09081475211532611,0.024634947884104474
8,21111008500,0.06619809286816844,0.06901857959853357,0.06344727730421422,0.048956907007804286,0.07312117971382923,0.06770212919570597,0.09044885097571173,0.04394268452351053,0
8,21111008700,0.04942095381090562,0.05489993482524317,0.04407731362051252,0.041129905928580464,0.03539042369488001,0.04205865178023225,0.0805170207962374,0.08887649394030807,0.28463254600951626
8,21111008800,0.09443478710156336,0.09195875529047182,0.09684965641098735,0.08688292179973836,0.09118742502161441,0.09700034857456716,0.11837992453872494,0.030759879166457373,0.08375921378797269
8,21111008900,0.15164914536837812,0.1349176753734046,0.16796731753862906,0.14145256530713413,0.12578888258462928,0.1529837911655674,0.14232392727060522,0.12596902896739687,0.10100417746970293
8,21111009300,0.0019212290556989114,0.0016114146496629357,0.0022233904808479214,0.0010336780851453742,0.0018715738747301766,0.002020062005601541,0.0020723962494974117,0,0
8,21111009400,8.580291201424814e-8,8.950763611590666e-8,8.218970135479597e-8,1.1693269347473452e-7,7.724843029589058e-8,9.221410418932555e-8,0,4.425657868641679e-8,0
8,21111009600,0.15216058714077757,0.1515526722216378,0.15275348545266335,0.16641201310654788,0.1402180453833726,0.15371431515254133,0.06251611758615369,0.10546244285642528,0.2586583459163146
8,21111009700,0.04642409894518504,0.045874860406680436,0.04695977029005477,0.0535266043589502,0.04816591757365825,0.04772569702391467,0.060044272553214595,0.030640824665806702,0.009662552597338144
8,21111010800,2.1472357133346964e-6,1.759633762393924e-6,2.525263189155819e-6,1.4183772014491952e-6,1.8952727419163124e-6,1.7966276100657235e-6,1.6050570131268426e-5,1.0225259116428476e-6,5.650596126330202e-6
8,21111010901,4.712834208999164e-4,4.1547367768278285e-4,5.25714561670469e-4,4.5278503128006896e-4,4.961597290142023e-4,4.867812500085618e-4,9.726190534054513e-4,0,0
8,21111011200,4.223986538330124e-6,5.1387060652291875e-6,3.331862252065162e-6,8.463794931278282e-6,4.125644675582989e-6,1.1313475531191018e-6,1.1257471353751175e-4,1.338186713524726e-5,8.70165518370963e-6
8,21111013100,0.06783459443689195,0.06908356884485987,0.0666164719747544,0.09114111937026015,0.06755328879544906,0.07105061162887844,0.021282082582520408,0.024900854563322635,0.02463516523651291
9,21111005900,0.0017956231544053948,0.0024355051165352365,0.0012340714317154353,0.0018794129875920724,0.0018191933094198836,0.0017461904197537796,0.003124346260490997,0.0017752340570590308,1.328745493168154e-7
9,21111007400,0.06830717714046328,0.06822338648108654,0.06838071068555918,0.04595194466644295,0.07976598277591392,0.06890098997859197,0.0604747579042789,0.050234328825271346,0.02728560439592811
9,21111007501,9.171543819104273e-4,9.232332034105429e-4,9.118196906902644e-4,0.0014872880370668737,6.924263003687047e-4,0.001062004003700427,0,1.2029610599646645e-4,6.185826540526098e-5
9,21111007601,0.0654739381833964,0.0683186424389245,0.06297746434950652,0.0692027343791706,0.06888450450001139,0.07034554871479554,0.048213437036835775,0.019535572320938856,0.030136551988835008
9,21111007602,0.11919862000644882,0.11184422915404578,0.12565273357257586,0.0894192635236474,0.1307152357392216,0.08796010415913035,0.4499920790104672,0.2037281113469338,0.05022758664805834
9,21111007603,0.08362895349088685,0.08753326062487203,0.0802025865564253,0.052873999300939334,0.08806195055281456,0.07421399052879657,0.1303548482847782,0.14093520031534462,0.2123909378260753
9,21111007700,0.0989261813623076,0.09025037192930735,0.10653995393469728,0.13609667183850957,0.07313414745104611,0.09337736518368342,0.07701614177966139,0.16051362654560963,0.17496525778944655
9,21111007800,0.1031037482799502,0.10296005085301628,0.10322985519093776,0.11274602792112064,0.108892624713618,0.11064494741793254,0.029463767078066305,0.14372599636119301,0.048792512743828106
9,21111007900,0.06492671254469545,0.06935168642741632,0.06104341554030863,0.08047733717128266,0.06447589621201066,0.06730337602611511,0.04508849204370753,0.005581592091696817,0.15642305556109598
9,21111008100,0.08860962801512227,0.09394840799246486,0.08392438718826638,0.0704084507675776,0.09862521282165344,0.09122070506468341,0.06026041222747699,0.013953764234125728,0.15312111082261262
9,21111008200,6.3450999321864055e-6,7.659501120553672e-6,5.191599294074031e-6,3.828078111531371e-6,7.317504840760225e-6,6.70585297816583e-6,3.4327836159154054e-6,9.421473675807631e-6,1.6148930017843001e-6
9,21111008700,0.09685327842705016,0.10022169361726084,0.09389720298697704,0.12410736199311574,0.08365799381077835,0.10490516320698262,0.01717219291166779,0.09812808546694846,0.08819998903357333
9,21111008800,9.82992459223667e-7,1.089656273401149e-6,8.89385744009068e-7,1.0801347904011944e-6,9.627380259581333e-7,1.0788259133525449e-6,5.570740154541128e-7,0,2.027300895925734e-7
9,21111009700,3.483154992343293e-6,3.4279988847929916e-6,3.531559243509635e-6,3.7188683309775906e-6,3.3154432756167645e-6,4.018487174100706e-6,5.410253868972332e-7,0,0
9,21111009800,0.07112911512484875,0.06700695495341281,0.07474666692732333,0.06573464268830778,0.06919092220283403,0.08078659528119062,0.006218808858633527,0.010343091541609601,0.007074866784077009
9,21111009900,0.03252923748432455,0.03478495728841553,0.0305496484087442,0.026102134203751372,0.03272136336923643,0.03460225066237414,0.011275729203349044,0.051388207142994434,0.03873360021905725
9,21111010001,0.010851016931637444,0.011269254265146076,0.010483977525895654,0.013076524930022189,0.009313690377276695,0.011909659650375522,0.0017233959593958804,0.003859270958078696,0.010251881030088955
9,21111010500,0.05424752097989428,0.05391373295055467,0.05454044882281245,0.06956558528319971,0.05119083281629117,0.060389884462566434,0.014361948440787916,0.035908199682569066,0.0016298354586934522
9,21111010601,0.039482466024211293,0.036992690624826956,0.04166745911259539,0.040852890101561984,0.038837098113467354,0.04061029307091568,0.04524913910295382,0.06025377815345595,6.874001152755503e-4
9,21111010602,8.817221063112662e-6,9.764923024956396e-6,7.985530687752439e-6,9.103125458591176e-6,9.329247895332632e-6,9.129002346316833e-6,5.973014430402168e-6,6.223376498665101e-6,1.60008203084561e-5
10,21111006500,2.8407346269581377e-4,2.696568212669894e-4,2.98261323374156e-4,2.524315082801461e-4,3.280994906175658e-4,2.7037331070368443e-4,3.8444600379580935e-4,0,3.4184477416298054e-5
10,21111006800,0.05953399288724764,0.06019664028642089,0.05888186118065344,0.031209377380312216,0.07119831307857756,0.07242323571989205,0.016778017947403308,0.050953739631305846,0.028270524992937123
10,21111006900,0.07076092682294684,0.06876487189103471,0.07272530593441348,0.049445497707173755,0.07358182159362187,0.08312265917425116,0.03312359154032715,0.02224191340670634,0.03957751810707954
10,21111007000,0.07320153471903333,0.07537321757339334,0.07106431476199115,0.06997458854231474,0.0735032536100727,0.09815195032809801,0.00235144232051161,0.010158147844111072,0
10,21111008300,8.388433988357257e-4,8.476247722140247e-4,8.30201378940113e-4,5.617024920442445e-4,9.39293833663349e-4,0.0010485549544982733,8.67893185607639e-5,2.3432924591099385e-4,6.276657692104882e-4
10,21111008400,2.671147185063638e-7,2.5294005507636153e-7,2.8106444118623647e-7,9.042367181755803e-8,2.8441577204226823e-7,3.435393987201329e-7,5.585576439208589e-8,6.894140887686506e-8,1.1541496416965733e-7
10,21111009300,0.139123674779954,0.12474920607894972,0.1532700319784676,0.11188509279947849,0.13350815257957172,0.17978441431971087,0.012880567506134609,0.03291050205960993,0.09643017856531708
10,21111009400,0.1860992711299199,0.18468448593687428,0.18749160479569169,0.18421498551045742,0.1772566613891766,0.2453856595625894,0.017392813162106606,0.0443205300955756,0.035319015413168967
10,21111009600,3.0064889014248913e-7,3.417685691414114e-7,2.601817480792606e-7,3.7095503121121164e-7,2.8056268216144496e-7,3.800182014073321e-7,0,0,8.48085472730389e-7
10,21111010901,3.101839940558467e-7,2.0609111451932877e-7,4.1262500153757373e-7,4.774718152742927e-7,3.2269793028061027e-7,2.4170142903389127e-7,5.85714429268308e-7,2.059917773446607e-7,7.24187703391393e-7
10,21111011002,0.049648965640951455,0.04601464557176177,0.053225611911633594,0.05760882582084183,0.04916242288079664,0.02261074677878376,0.12762005564207146,0.07278585513472173,0.22036875763130867
10,21111011003,0.12822871674400685,0.1287529582260056,0.1277127945616368,0.13750525942092057,0.1295156456758784,0.11876088989667523,0.09507838358058256,0.27523909608722474,0.38268084495966387
10,21111011005,0.055486847242503905,0.05141713473426552,0.0594919766169744,0.07581972670019974,0.05580977443642027,0.04817589621538421,0.06837247887911466,0.137145257439876,0.04494943330535625
10,21111011114,3.4287033389300115e-7,3.7958878691542537e-7,3.067345738147335e-7,5.669238157475764e-7,3.08191856079721e-7,3.037899443633689e-7,4.3898700581099675e-7,4.245690388672064e-7,9.476959485200996e-7
10,21111011200,0.17397025214906894,0.19710910223641198,0.15119859739736713,0.2007274544080436,0.17740961256346713,0.10221509763688011,0.4454925709697445,0.18127673046161927,0.15173924139445297
10,21111011301,0.05992921472872276,0.05897753102741911,0.060865795958866195,0.07691064180004163,0.05501516739683689,0.0243071908338018,0.18022896096670699,0.17245718043484967,0
10,21111011302,1.627454229172922e-5,1.1848141700832389e-5,2.06306993897765e-5,3.498486215323282e-5,1.3043253470047614e-5,5.749487065140435e-7,7.297825446248978e-5,5.598662460444652e-5,0
10,21111011403,0.002876190933884608,0.0028298963137556397,0.002921750894835938,0.0038479252734042488,0.0027575423495886844,0.0037414872710513185,1.3582335127798224e-4,2.2003203165922033e-4,0
11,21111010705,2.691465058833401e-6,2.752684004406592e-6,2.635669063427188e-6,3.889726997235451e-6,2.4461132262351466e-6,3.057158268096098e-6,5.106970829233121e-8,3.359502133452471e-6,2.085588670825302e-6
11,21111010706,0.001245574520651474,0.0012307099066952718,0.0012591223843765001,0.001254986333785432,9.73809526536648e-4,0.001537713054028142,5.595110135615904e-4,0,0
11,21111010800,0.004355110347618814,0.0036233856247217125,0.0050220167912877495,0.0025796701524685717,0.0037586460266404273,0.004996299457589913,0.0026207027145588447,0.0016996539126726484,0
11,21111010902,2.7369109449316524e-5,2.6670195221424252e-5,2.800611184593883e-5,2.469284023752585e-5,2.7057170979787964e-5,3.2267825580750344e-5,6.3080156143451216e-6,5.8236497541402275e-6,1.3355912753489596e-5
11,21111011003,3.123115167898148e-6,2.9954908578573673e-6,3.2394341497114327e-6,3.2045161510385246e-6,3.268046554778952e-6,3.6052190268232804e-6,1.7874458847413095e-6,2.8140032756850627e-6,0
11,21111011004,0.034889374763923876,0.03594048620580873,0.03393137379488223,0.038092899730741925,0.036565523155895376,0.03220083591683706,0.03259271279746572,0.08676442172299263,0.0599011254267187
11,21111011102,0.12870730434701516,0.13464347485712733,0.12329697688365292,0.12404694789770393,0.12218183159668262,0.12851013693550303,0.09371319556411845,0.18789285239158562,0.241662038670423
11,21111011106,0.22110369553514433,0.231664793681918,0.2114781298190959,0.2650389566858452,0.21419977539658971,0.20824897559389347,0.23368127346443351,0.33866208628873595,0.20415056461186243
11,21111011109,0.018092110487259113,0.02065356820429534,0.015757554057467406,0.019312065099100138,0.016950811571548707,0.018713925033493537,0.01324363318620462,0.028474459794752285,0.017875901637409822
11,21111011110,0.1179515739026479,0.11991692929975233,0.11616031533584835,0.12411933360940175,0.11881299969919215,0.1357421826739727,0.06885072801706936,0.0756157436445803,0
11,21111011111,0.18818652853264634,0.16523173054736287,0.20910792453098415,0.15326488468281496,0.19644929414964366,0.18304787565929423,0.22920409994095628,0.20990201568818903,0.10895512177582192
11,21111011112,0.1144704326823706,0.11726718541406463,0.11192142434665288,0.10558555723864994,0.12288838125284783,0.10955751743557214,0.16627823210522444,0.03822957674046055,0.06632050890702204
11,21111011113,0.08954933787765802,0.092299684112373645,0.08704262521802524,0.06617343679472992,0.09366570284484975,0.09953533852229299,0.05828309166574877,0.020196757523262176,0.1515897346446218
11,21111011114,0.0814028826800765,0.07748356660240817,0.0849750144738793,0.10048679776242321,0.07350446266470799,0.07785951569413481,0.100947724283255,0.012535431160134777,0.1494853701412732
11,21111011517,1.2890633311803445e-5,1.2067173388255811e-5,1.3641148788365076e-5,1.2676928949244286e-5,1.599078410428148e-5,1.0753820512295535e-5,1.6948716196034523e-5,1.5003977470690116e-5,4.4192683422830704e-5
12,21111004500,9.575404108444056e-4,9.73984612912279e-4,9.413490678751439e-4,8.632852448365186e-4,8.968120572997587e-4,9.14892031184213e-4,0.0012417979370561423,4.7634187210169145e-4,0.0013695425340809514
12,21111012103,6.803163526689396e-6,6.0855288366334015e-6,7.509763296345429e-6,4.74055820557813e-6,7.457068623801803e-6,8.701175146883193e-6,6.903271159980988e-7,1.4094348582612991e-6,3.8067076759287914e-6
12,21111012203,0.029802219945936015,0.0326979592333844,0.02695100784338938,0.02528321995047922,0.03571704398288349,0.03155444096934111,0.028319737895765203,0.02778371426842877,0.05099266704253247
12,21111012302,0.19335463396101432,0.17993048335195866,0.20657236417894248,0.19764483740762476,0.18367985697535585,0.16267733084322392,0.215697771336376,0.4391537780754305,0.20632998776248027
12,21111012406,0.02692411304148038,0.03260869285591342,0.021326943836691377,0.02950024119811813,0.02694342336664796,0.035653310502598734,0.003293970506188037,0,0
12,21111012407,0.11072105996787006,0.10926083058058797,0.1121588357094775,0.12888702578742636,0.10790521156372192,0.10356764452411807,0.13373696085099168,0.08760399785039251,0
12,21111012410,0.13652579425131237,0.12551760352826388,0.14736471429937864,0.11199711058895703,0.1340359741718348,0.15149674515396414,0.11195833381154566,0.11320946934111138,0.05804544647280973
12,21111012411,0.2095590083057103,0.22118561182610016,0.1981111846661529,0.20822661752580088,0.20322935735165354,0.21280144029466772,0.2172219560692045,0.09421454536379663,0.6804216225423807
12,21111012502,0.13833957442535333,0.1475029940963912,0.12931705876587246,0.10582061154457888,0.15571352819873346,0.15953064103206066,0.09662091334515444,0.01596470640962798,0.0028369269380399353
12,21111012503,0.03942388542567607,0.037941444313002136,0.0408835313475619,0.058593664425623984,0.03472693952231235,0.0355595255203114,0.06545163591897275,0.007690582717479746,0
12,21111012703,0.114385367101276,0.1123743100726492,0.11636550052136187,0.13317864576834867,0.1171443957409331,0.10623532795338309,0.12645623200162953,0.2139014546667725,0
13,21111009000,3.5401255925735474e-5,3.9344978079766885e-5,3.160484480465812e-5,5.543088417388306e-5,3.177824218692454e-5,2.186098765782569e-5,4.111768527873845e-5,1.1397497054823504e-4,0
13,21111009103,0.03445959245454851,0.03828622827687831,0.0307758941044111,0.03901488546361129,0.031562702505005286,0.026231504630531005,0.048189737768644825,0.022364479055247254,0.1870438586573179
13,21111009105,0.0785094703838022,0.07278717870340258,0.08401801559186417,0.05266039036248726,0.08628932555911209,0.07586923628283418,0.032556771866545535,0.0689746717883415,0.19910155812209912
13,21111009106,0.1532434783899545,0.14561846872720324,0.1605836687865827,0.1667776082492543,0.1455172387201584,0.16712770027477392,0.1402127633266592,0.061866494439802085,0.2780990117805159
13,21111011711,0.048225986847836085,0.05098946651399606,0.04556573226403985,0.04057039721984665,0.062457882773894025,0.06392418900138874,1.570638413134576e-5,0.03238532413872861,7.89047411171913e-6
13,21111011712,0.09713693140927764,0.11094006127846494,0.08384939397779553,0.09172605650987548,0.09687119780675818,0.10003935648031374,0.12491613362330782,0.040804944752364763,0.1771844872902916
13,21111011713,0.028643425473667584,0.027900084285794866,0.02935900041586022,0.03196984061489705,0.02714340718159976,0.029866682160160488,0.048765941519927324,0.009330424297584239,0.004667267833408146
13,21111011800,3.9073584827327244e-4,4.423959604827919e-4,3.410054116836056e-4,2.3208370235158226e-4,3.2516061288375217e-4,2.3097150435623617e-4,0.0012019054370488351,7.272882543684678e-4,0
13,21111011901,0.02826684841806925,0.030939891281030262,0.02569365252451777,0.04916549619197167,0.022684285612446658,0.011177632647096567,0.00489219674067052,0.15186323773461846,0
13,21111011904,0.0729462974231653,0.07441547752241891,0.07153199604750415,0.060096316834866804,0.07956278373495732,0.05698244347391416,0.10619583339192185,0.1573688500994591,0
13,21111011905,0.013589344873542086,0.014561339414308292,0.012653657535523315,0.011147504646343872,0.01504789736702436,0.012689912020531258,0.026017790278388953,0.010592185511079455,0.004184411938123617
13,21111012001,0.11166453761563325,0.10984304926528037,0.11341798736693579,0.10584513043626421,0.10920015472374882,0.1413539030495785,0.011516681195027936,0.09121582066878106,0.001730140128015407
13,21111012002,0.20517445893906447,0.20254112649248188,0.20770942773129558,0.20074195803976866,0.21297317432375779,0.1998206010599145,0.15644537277463919,0.2689764978699482,0.12898318330518596
13,21111012003,0.03471611617722152,0.037384414339498705,0.03214748775413037,0.027760478489006986,0.03417827166907872,0.04908874732431646,0.001640043708499621,0.005743966318394075,0
13,21111012202,0.09299737449001855,0.08331147296067905,0.10232147564305118,0.12223642235528027,0.07615473916738788,0.06557525910263234,0.29739200429930834,0.07767184010073447,0.018998190470930754
13,21111980100,0,0,0,0,0,0,0,0,0
14,21111012003,0.08619878588829516,0.08222239017230014,0.0899177055168552,0.11072440449053346,0.07900265293942775,0.07210616771549418,0.09719177680029115,0.4334931828307269,0
14,21111012103,0.11913609133427415,0.11693392478133165,0.12119566513025054,0.10223506154313852,0.12271781912571399,0.12584519321196294,0.07805166991110335,0.09223814518140908,0.33634688365156495
14,21111012104,0.139036527789327,0.12810613075292268,0.14925916934462471,0.14737126566221534,0.13945200441979994,0.1357008174850655,0.18582168213960376,0.044157434042194944,0
14,21111012105,2.6268977801131065e-5,2.5909348179893254e-5,2.6605321000590096e-5,2.1045403793505776e-5,2.4098062622269826e-5,2.7031705739572508e-5,1.6915521171206218e-5,1.425564072601151e-5,2.901131079601846e-4
14,21111012107,0.18129345589901713,0.17880435769808595,0.18362138219659893,0.17696099105932525,0.17999659188014577,0.20421461723157255,0.03511141360557762,0.015700420992780423,0.14049927121268396
14,21111012204,1.847252517697084e-7,1.5723338952684483e-7,2.1043698506360407e-7,2.133605287258221e-7,1.5847151011509485e-7,1.3826776342543526e-7,6.429143907524669e-7,1.2706517043180762e-7,0
14,21111012406,0.1323980970549123,0.14739665171988145,0.11837071564535692,0.1309129859079667,0.13018567845763207,0.13508342219971445,0.12839411348545912,0.12437886975175781,0.4617064716305958
14,21111012407,0.07368994105984013,0.07319489193819771,0.07415293519499923,0.06827314212481445,0.07155313083656664,0.06642077866986039,0.12781487127123078,0.0458260903420588,0
14,21111012408,0.08662353400173337,0.08552814888733769,0.0876479917000385,0.08149966921656705,0.0902810664451884,0.07606376757373705,0.18819893180450276,0.10499656538921909,0.0611572603971952
14,21111012409,0.11845984114107475,0.1233421607539761,0.11389365720513342,0.12341795786379779,0.11963584772238135,0.12521658166435506,0.045563951910563824,0.12265953900609707,0
14,21111012703,0.06313727212847305,0.06444527671439715,0.06191396230815692,0.05858326336731918,0.06715095163901169,0.059321484274734874,0.11383403063610574,0.016535369757859474,0
15,21111003600,0.005258592628471885,0.0052353061719904205,0.005280060747994885,0.005231543400424851,0.005560695924150414,0.00410448590403497,0.008005546244417294,0.008167498944945234,0
15,21111003700,0.032038409859779356,0.03283086216358503,0.03130783667068465,0.030529616120807738,0.030369706552121636,0.02246188969768669,0.049746127073837555,0.04172149813371343,0.07569289700064913
15,21111003800,0.1341698160797471,0.13049657698390235,0.1375562280917647,0.1585885824574575,0.13216838692969085,0.15863667103945794,0.10342991112641108,0.04968824810801757,0
15,21111003900,0.09943067789502498,0.1042824771353374,0.09495773431618787,0.1216834293804115,0.09848180673049248,0.08426410772976331,0.12047059475082868,0.1019149191201725,0.043645609401853795
15,21111004000,0.06712360449720206,0.07159154645980603,0.06300454446969785,0.06472765617950144,0.07591208009908429,0.0659466311239961,0.04620728258338868,0.14614319762238953,0.01388724249915009
15,21111004100,0.09959854672453441,0.10781994285821117,0.09201912325217375,0.08882083905732183,0.09435363673354845,0.09909956614165014,0.1051126580504813,0.12509472339423997,0.01587113428474296
15,21111004301,0.11711338632094813,0.10862386987817754,0.1249399937668237,0.13470712351191583,0.11572792887157603,0.061926431635219284,0.29821062384091196,0.023548763054429708,0.014530641347610201
15,21111004302,0.05084661638929331,0.04923406484798484,0.05233325087373563,0.05968804496091463,0.05469089041872484,0.05055909569486121,0.043147207925704034,0.07716361000223493,0
15,21111004400,0.013926666978260034,0.012269471634095933,0.01545445922736394,0.01318608200437942,0.012273409632929238,0.007660547575350029,0.022429554021072988,0.016187953318035207,0.017451944357782533
15,21111004500,0.10890780642012012,0.10970406557999891,0.10817372363559816,0.11672957715807725,0.09768027037442874,0.1142463185266683,0.11963903227395398,0.06802850953916513,0.04081912852106225
15,21111005300,0.006250525129697071,0.005346546897629257,0.007083915677875622,3.426961431457481e-4,8.633138657810584e-5,0.007763014652358353,0.0022191500338553903,0.0026845535455134305,0.02349346951634757
15,21111005600,5.255849030480006e-7,5.346839474823553e-7,5.171963629703241e-7,2.66904334224536e-7,5.225631877970441e-7,5.526300140890643e-7,8.287070451707914e-8,1.1030573924712075e-6,3.46620087123611e-6
15,21111006800,4.701205977445916e-6,4.386458384949952e-6,4.991376314897595e-6,2.0414270848012987e-6,5.9887651482270535e-6,6.225877214085367e-6,6.530391668137084e-7,5.359675246311991e-6,5.017759453682983e-6
15,21111007100,0.13198927222649884,0.12141350808386968,0.14173922146595302,0.07880827196241884,0.1548217993420487,0.17866226464313806,0.03321260910461489,0.10005725752415058,0.19640528677369415
15,21111012202,4.900746424940289e-6,5.477223748618812e-6,4.3692836797655725e-6,2.705941865015572e-6,5.136388973250591e-6,5.202055701650462e-6,0,1.1718059895789738e-5,1.171739320061515e-5
15,21111012301,0.13332430040999124,0.14112901896354027,0.12612901799833068,0.12693244076883284,0.12785225246301202,0.1446486938188716,0.04815165033135134,0.2395539983441989,0.558164980996661
15,21111012302,3.142868449390851e-8,2.6602773534476506e-8,3.587776129384654e-8,2.4276657344520093e-8,2.7193702365131716e-8,3.396618321709287e-8,2.3168544376341226e-8,5.916399783758401e-9,3.243491976889761e-8
15,21111012501,1.1619474441582699e-5,1.2317373016571408e-5,1.0976071696527175e-5,1.905834444918168e-5,9.129630602494685e-6,8.267287830985504e-6,1.7293560755184876e-5,2.7082639859455462e-5,1.743151200099318e-5
16,21111007501,0.05491836840593281,0.05938569156628391,0.05078272256767208,0.05164159869119293,0.04817194804798921,0.05732074737452894,0.011881765919041762,0.009544966484329105,0.08631682604709694
16,21111007502,0.1633660786344958,0.15929765409604396,0.167132442160658,0.16491761013539874,0.1493469947249351,0.1800650066997736,0.13938061252833597,0.13752717602194184,0.041731853600800096
16,21111010008,5.297476138522073e-6,5.23922593986123e-6,5.351401539264884e-6,4.379382816182341e-6,5.146112576253685e-6,5.070600736332049e-6,4.113628694082091e-6,2.2403780402876967e-5,4.112300276054994e-6
16,21111010311,0.1911453981275495,0.19675114547644035,0.18595585063755785,0.20359077213357724,0.22522243153289784,0.14792756248598032,0.48573675851171194,0.23923070271387184,0.30334556921569594
16,21111010312,0.10139915759693795,0.1004248619494381,0.1023011164647405,0.0790403282012933,0.09427143961717332,0.10581327191517363,0.0642495490437073,0.08254301983165932,0.12357131088246995
16,21111010313,0.15041181756061212,0.14049272300677426,0.15959446690977414,0.16687795320581272,0.1621370047866044,0.14891126887743328,0.12717890187418776,0.13834675154883747,0.21956885817959537
16,21111010314,1.0164552449478516e-5,1.008873083846456e-5,1.0234744669469035e-5,1.7715347313747348e-5,1.083962594165394e-5,1.0750164077578781e-5,2.706093405797909e-6,2.808550346876815e-6,1.6709216259306035e-5
16,21111010317,0.14369481347297466,0.14872322312842454,0.1390397391212466,0.1603814878741996,0.14085189571073736,0.1602015187343873,0.08625281926415501,0.09300621952863022,0.0469775231454018
16,21111010318,0.16716338006337758,0.16779523529640747,0.16657843705140662,0.1452150995429906,0.15219712415233783,0.1748645439159277,0.05593651175651629,0.16478341403941715,0.15422266175905433
16,21111010319,0.027885520924298593,0.027114134137055126,0.02859963594169126,0.028313052429551604,0.027785171929007722,0.02488025720503339,0.029376250761383237,0.1349925348258661,0.02424456833149313
16,21111010320,3.185232923549694e-9,3.3863539562411394e-9,2.9990441630814003e-9,3.0558533010162246e-9,3.7597993807664915e-9,2.0269479390541043e-9,1.0618860923051903e-8,2.6746972012957493e-9,7.321857037228651e-9
17,21111010005,0.019123995169600345,0.018845242510967322,0.01938845613435343,0.02355950845311241,0.01713596736763784,0.017072182011346314,0.03209863658297355,0.04436690842892564,0.004628416415373226
17,21111010006,0.0665283729408526,0.06915490507104367,0.06403650353766337,0.058816946733717033,0.06629486195185812,0.07042798698515115,0.06586944790189497,0.05875859361720981,0.018158038545719273
17,21111010008,0.03984918782057069,0.037132200764691675,0.04242687451078209,0.03378503182952302,0.03893573537073608,0.038104804122786815,0.04679809003168848,0.06233061373411644,0.03118575155980945
17,21111010102,8.16059912712988e-6,8.73739471980813e-6,7.613375937750975e-6,6.260509236035781e-6,7.275720420695374e-6,1.0109657491884133e-5,2.9737748724865473e-6,5.884309803671274e-7,4.223953685106707e-6
17,21111010309,0.1602027136378105,0.1598372005214222,0.1605494868376214,0.13079367520221868,0.1466985983672039,0.17445339945665664,0.055728790419938765,0.14270263790348559,0.23087888938030401
17,21111010311,0.05967925568534485,0.05437915217501541,0.06470762203172001,0.06968813568057577,0.062382204175854224,0.0441241156790317,0.14643894297967566,0.024236254993090636,0.04562612002305039
17,21111010314,0.21909629338469333,0.21605609112350402,0.22198062398437776,0.27213315772828267,0.22815696995316423,0.24701487345512854,0.12967519396259336,0.14060615139564203,0.1715763224538134
17,21111010315,1.1065935691953897e-4,1.1088926694776485e-4,1.1044123441563466e-4,9.695137904691925e-5,1.217720029100929e-4,1.0627820521575884e-4,4.6161700563957154e-5,4.419573958612347e-4,7.976706169249451e-5
17,21111010319,0.12329426089080626,0.12408536698627025,0.12254371493277155,0.12221371524715476,0.13172179053624614,0.1041469028709805,0.16786162932105728,0.3843534079100557,0.11235257000209256
17,21111010320,0.12475568004186594,0.12652971999864432,0.12307259540051808,0.1278010991087759,0.13688223194591745,0.09399763753806831,0.2591470708680917,0.05762910202685191,0.19728085038714152
17,21111010403,0.12985045283728258,0.13509188535306285,0.12487774941407949,0.10024884015463333,0.11607715085025906,0.14206158896892898,0.07454544590744858,0.05908806835590653,0.16500960747218707
17,21111010405,3.158104745072022e-7,3.4057077250846703e-7,2.9231964098798265e-7,3.9001856304102797e-7,3.182646997267563e-7,3.2687168380525064e-7,1.5597850727508906e-8,1.2844362000368986e-6,0
17,21111010406,0.05750065182465173,0.05876826826293826,0.05629802628611848,0.06085628795516047,0.05558512349309249,0.06847979417752961,0.021787600951350523,0.02548443137167405,0.02321944274513144
18,21111010004,0.0013920994504967538,0.0014515942281774859,0.0013345042751550836,0.0012591960938684137,0.001510155575394325,0.0012331231241600594,0.004020147539035883,0.0023799846840850208,3.1960595845314274e-4
18,21111010005,0.0012294370315479696,0.0011090487660290918,0.0013459814331229813,0.0011213468860878754,0.0014089440684283314,0.001216654597646916,0.0027181638587202026,0,6.008843395189257e-4
18,21111010102,0.131575229211307,0.13528736429024324,0.1279816184928903,0.12224184328081428,0.12502713564627735,0.15253481150846704,0.06039077326435885,0.049473529586542685,0.04337529750323253
18,21111010103,0.12825728780150766,0.12656492571897124,0.1298956146376603,0.11691294754775511,0.136400685706799,0.12273192689089943,0.18508487324569026,0.33899035908953407,0.069668238383273
18,21111010104,0.025544244233451637,0.02314064596069936,0.02787109827622144,0.021694303490857776,0.026053482297689515,0.02508698410992691,0.06526966642192492,0.019442976676749293,0.006543232723059571
18,21111010405,0.029476328772719305,0.030950528737879644,0.02804919837922948,0.03769453320057654,0.031145430585905846,0.01887238816608972,0.10557160834354089,0.006789214986334944,0.05661817464891103
18,21111010406,0.07004944994367096,0.0735630347704707,0.0666480499878073,0.0777115591222542,0.0669915059045325,0.07708211347770912,0.0717611466364072,0.044551920299778065,0.007314279352188025
18,21111010602,1.238000777536369e-5,1.4299460302064676e-5,1.0521841241342713e-5,1.1783966938219754e-5,1.191692608653427e-5,7.662636891829195e-6,2.8942589680464768e-5,1.1828127688139485e-4,2.4966803499496268e-6
18,21111010701,0.1732699642065203,0.17789978944237073,0.16878796416122133,0.18679380809390517,0.16490667316672294,0.1702854223267282,0.10520596722761459,0.1841540267119709,0.282178167632096
18,21111010702,0.17733862653723062,0.1899130342868173,0.16516570569632053,0.15977546897396488,0.1914489554619426,0.1664779602381507,0.1310206076397123,0.12185329124029198,0.3500938520014788
18,21111010705,0.18289984801474818,0.1700574459634614,0.19533220639620713,0.1969294266861514,0.18193676566998335,0.17831196372978653,0.19654866932087617,0.1384623002890747,0.17812343505371678
18,21111010706,4.876408955081206e-7,4.804503917934003e-7,4.946018144053495e-7,9.074667282532289e-7,3.984423925027898e-7,5.985736149129692e-7,1.795160378830209e-9,0,0
18,21111010800,0.04243170505434584,0.03613436329655384,0.04852797966642683,0.03158648838681761,0.03930460210819048,0.04636081262654413,0.043508233782518356,0.024366416114181364,0.003530761421106999
18,21111011102,0.03652291209378287,0.033913444627632086,0.039049062154681596,0.04626638680328032,0.03385334843965469,0.03979757799338449,0.02887119833475953,0.06941769904457552,0.0016315743026151378
19,21111010307,0.2170019879284952,0.2249224175706161,0.20930771484563374,0.26524657312812855,0.211392749834376,0.2122657421538878,0.2710427727026171,0.1932904948166617,0.36474755175221374
19,21111010314,2.155741028982665e-4,2.1041269813421525e-4,2.205881311189829e-4,2.584161075823084e-4,2.2564290081573209e-4,2.1604949255116923e-4,2.767865233506974e-4,1.915509251898924e-4,1.757072992600066e-4
19,21111010315,0.10701796577577162,0.10909130468290171,0.10500382810072137,0.10702773947307374,0.11324453541862087,0.10606296279191725,0.04912301761363393,0.23501220921529375,0.14230832287679318
19,21111010316,0.14212188437556098,0.14405493336795064,0.14024403083704845,0.1442831617814973,0.13983269372548837,0.14736474433558627,0.1171835089902404,0.028379953604033663,0.22327554619132875
19,21111010402,0.13343589479740303,0.1267267938340464,0.13995342696232888,0.10614702580125829,0.14426626173608714,0.1365536994588016,0.07879807688101075,0.15382252226389018,0.02566260122828855
19,21111010405,0.12338308526256435,0.11899887869133915,0.12764210707512974,0.1255754592439356,0.11169267185296011,0.11323811016441879,0.14189473434114125,0.24129708154539636,0.14415077781528027
19,21111010406,0.06302572619270239,0.060670194993395814,0.0653139985619538,0.06791193137782961,0.06146252750615292,0.056118914948439506,0.12178645848592129,0.10618526355188818,0.04058713090062927
19,21111010705,0.02293634893290453,0.02330951289208893,0.022573840137753147,0.014615881240193737,0.020651981034965104,0.02002654696245082,0.06595523190296051,0.012170397922041441,4.5938108169764553e-4
19,21111010706,0.08849598831582386,0.08156055758600762,0.09523338772389263,0.07635752386814261,0.08341386657497127,0.10060105950924642,0.028754344663325927,0.01764159278088579,0
19,21111011102,0.0010653647910651527,0.0011119830275500098,0.0010200776717593548,9.84114463036507e-4,0.001134162679197778,0.0010387201772099905,0.00211781770137161,9.004292100504966e-4,3.9161351747048933e-4
19,21111011601,0.10130017952481062,0.10934301065596938,0.09348699995266002,0.09159217351532178,0.1126829067363647,0.10651345000549031,0.12306725019442658,0.011108504164668544,0.058241367337038066
20,21111010402,0.06280367254349291,0.057538342441253235,0.0679365799334975,0.06662534419097127,0.05704040285803707,0.06090434920903644,0.06742199234559877,0.10096185108445191,0.09632705189765313
20,21111010706,0.010977733554315108,0.01047747617654253,0.01146540949132444,0.008990838771687527,0.008823113483616361,0.012218270228704742,0.00800754483928064,0,0
20,21111011102,0.06594711218365827,0.06861635583085582,0.06334499984190876,0.056807120277109636,0.06943383747979558,0.06480062616216539,0.09830358479774763,0.06184401158498739,0.036605070736182584
20,21111011106,0.03508624226715808,0.03437232699980566,0.03578220261161428,0.05538636241929681,0.025555359475543618,0.038507326414129635,0.00812628426490593,0.04097314919436534,0.015796107194873062
20,21111011110,0.017904512743758674,0.018763022372545214,0.017067594576725978,0.013613565746063302,0.019415323664728236,0.017143723071985254,0.028842463263566737,0.020044580700886886,0
20,21111011506,0.0740341773772664,0.07778150174382065,0.07038109797667028,0.07315269495291352,0.07222177723141582,0.06302783627052332,0.1563921310965787,0.27263400387842396,2.239515929509377e-5
20,21111011517,0.18243251115914844,0.16931884738156514,0.19521636713911084,0.18572803941053573,0.2034746760758681,0.16166099349797403,0.2442080398821035,0.27934853791857134,0.43931926978097086
20,21111011518,0.0772598062993772,0.08365449276226662,0.07102594578830203,0.08144503690159782,0.07880430547169104,0.08079780679407482,0.0792685261434878,0.025397505275136147,0.030961648863217013
20,21111011519,0.053110713690929914,0.05477339973700155,0.05148984409160349,0.06678453645621775,0.053977656120489,0.04833407265249383,0.07499945612707613,0.017098057384513157,0.04631986429353854
20,21111011520,0.12671979524536817,0.1263340679375815,0.1270958215362597,0.13353197910610806,0.12662874197618515,0.1348111962052445,0.0614152544895491,0.07619251582540844,0.1842955289477203
20,21111011601,0.12814524532880203,0.1334424019262283,0.12298131187791063,0.12956941733009306,0.11216873650628821,0.13500328968139413,0.08599745124288531,0.007523930557658972,0.13782778680146351
20,21111011603,0.059101603266458615,0.06310541737952159,0.05519848481992402,0.04395527339686703,0.06371502585463523,0.06337984425564983,0.048555136624702296,0.0237471756323025,0
20,21111011604,0.07585734914589919,0.07222697337360982,0.07939642120182809,0.05741401583906242,0.07744967241799232,0.08787363489937894,0.002856523464630191,0.0577216028980367,0.0058974569263270495
20,21111011709,0.03061952519436696,0.029595373937402365,0.031617919113319924,0.02699577520147616,0.03129137138371424,0.03153703065724517,0.03560561141788718,0.01651307806525729,0.006627819398758899
21,21111003800,1.3759910049233106e-6,1.3927839408663025e-6,1.3589985494296487e-6,2.2612411950449958e-6,1.226152230256676e-6,1.8386383399009937e-6,1.4883511240391365e-6,2.1841877458515891e-7,0
21,21111004000,1.4160266933457788e-8,1.5857316820574926e-8,1.2443054125926305e-8,1.3727347370671695e-8,1.472998537018092e-8,1.7189092271138226e-8,1.6646488272133646e-8,1.5578927837519375e-9,0
21,21111004100,3.050335829376651e-6,3.330624216902008e-6,2.766717290808804e-6,2.7511310254006402e-6,2.3183657811036416e-6,3.9967979393339375e-6,1.942193438869693e-6,1.9137132640523986e-6,0
21,21111004400,0.1380343931820402,0.12225718282633652,0.15399905509068723,0.11712465593720382,0.1280261187499133,0.1594363105954939,0.11945330892229807,0.1317884428670592,0.03614171247769576
21,21111004600,0.14246645346072537,0.15436643586553486,0.13042508546673443,0.11125833016151224,0.16228906584303557,0.1521229719620218,0.09715304963043007,0.14939432870694588,0.1644720391029933
21,21111005600,0.14115783117527045,0.14725190682891415,0.13499135083668717,0.14275270584438077,0.13398634023992548,0.07432679105405877,0.24820278484067537,0.20741099636197063,0.26185616892055746
21,21111007100,0.0147301757145682,0.010320690982203522,0.019192050238418606,0.004444475768407477,0.014163574237717507,0.024270460754389347,0.004828610670437958,0.001476923728223536,0
21,21111009000,0.2618095361693699,0.27179938345636484,0.2517009979132242,0.3507603266992429,0.2526343794244501,0.2225015996663492,0.27322249533083737,0.2660690851762779,0.44075621005231974
21,21111009103,0.021817182018053896,0.023638978988100134,0.019973739987601945,0.026059099191509803,0.01976533650225288,0.02018373204529029,0.020758405888902612,0.014079765162799506,0.04181374310591445
21,21111009106,0.008520326718327904,0.007132888715583503,0.009924249093300568,0.0047575270770849176,0.010728008631020098,0.010080675460044555,0.002143127358534169,0.01101056848120825,0.005066455487198569
21,21111009300,0.024399954896685297,0.021227898294182063,0.027609699209674588,0.015829208216774263,0.025763538860235614,0.03887969586762994,0.00259802574131716,0.001416324273991711,0.008037607272365606
21,21111009400,0.017034536571056663,0.013822596867039405,0.02028463784305104,0.007786449120064887,0.022900448023036552,0.027498565647584544,0.0013516890458337605,0.006173115852646755,1.865562112516058e-7
21,21111011301,1.8807540047801548e-8,1.6586771228479492e-8,2.1054694175712678e-8,2.1176086599180855e-8,1.705032138403712e-8,5.410120541029731e-9,8.242793485366837e-8,9.416769572950604e-9,0
21,21111011403,0.07213095987821223,0.07159523467733923,0.07267305011565318,0.07672097702636184,0.0719811389177376,0.11281692632755198,0.006765807227482607,0.03298812769970806,0.003967527259063434
21,21111011404,0.04987562934382256,0.05110810321378456,0.04862851225521304,0.05431149272734148,0.049711273346791957,0.03891026835275534,0.07125815447900151,0.1113256335950759,0.0014592358415525873
21,21111011800,0.10130065723531871,0.09924005832844322,0.10338573844650391,0.08187106770486886,0.10047301093166007,0.1120779021044603,0.14245140374668958,0.059194399046918186,0.0364291139241279
21,21111011904,0.006717904341907412,0.0062338851039282234,0.0072076742896615325,0.00631863724959234,0.00757418999390508,0.0068882421268780724,0.009809607498573675,0.007670145940473487,0
21,21111980100,0,0,0,0,0,0,0,0,0
22,21111011005,0.004198789697771321,0.003915347080416646,0.004464033913829447,0.004943618385250487,0.004297716340888847,0.0039443930627095,0.007201245607930124,0.0021969847805568014,0.004821297857634719
22,21111011109,0.05010025687506794,0.056677651741262255,0.043945162904829166,0.039706892973452895,0.0521534113360825,0.051429590007181385,0.04392956696705855,0.058240873201954306,0.06668164794897305
22,21111011110,0.07341988109680812,0.07461364101355702,0.072302766400949,0.06486030526408314,0.07584438533144906,0.09263433023989247,0.002354154530677905,0.01624409819711145,0
22,21111011114,0.06190916406907441,0.07025310677030235,0.054100943268418474,0.08106838647912552,0.06069568962192599,0.051231093000954624,0.10979359746461845,0.06618239554858706,0.2636524770207189
22,21111011506,0.0892442359776059,0.0824635916025181,0.09558952984493072,0.0641231481081664,0.10003524718623877,0.09848815955080026,0.052599485616013464,0.06913883532856832,0.09341719322599822
22,21111011509,0.1273900462197917,0.1255498969234489,0.12911204893799125,0.14043393268275303,0.1317223656213208,0.09530706951719835,0.22488489855730218,0.22534891412085367,0.057936202913306506
22,21111011515,0.07492662784805533,0.0739034076303687,0.07588415232700658,0.08526573436669542,0.07398920324842397,0.07404402170401655,0.08889845620031815,0.015129936715490858,0.11841568744288843
22,21111011516,0.0930995325876299,0.08482910323477248,0.10083895995616075,0.09693455729969282,0.09376266589054444,0.08996101767627873,0.12468920297107916,0.11490822783360752,0.022117207202457356
22,21111011517,6.931382684394174e-9,6.740197243471715e-9,7.110293085633345e-9,9.485851038371627e-9,6.529961973794093e-9,7.687375179336625e-9,2.430436197460114e-9,3.7327491762459765e-9,1.0938745154820645e-8
22,21111011519,0.12169100298823295,0.12423403784612831,0.11931124339672841,0.14690320017967445,0.12158031352002091,0.12282933708177331,0.13113363459817245,0.01144950306502705,0.10761783845706725
22,21111011603,0.10116414488206464,0.09747413372910659,0.10461723928489883,0.07510902153011433,0.09439610300467954,0.11392009263012894,0.06943290833698929,0.027337472834622498,0.09531449307316861
22,21111011708,0.11544277259416759,0.11943134364981849,0.11171028729353814,0.12013541643407404,0.10160916458068636,0.1059384912435557,0.0928537008851752,0.36352040070390584,0.15786937371653822
22,21111011709,0.08741353823234756,0.08665473203810295,0.08812362536042614,0.08051577681106643,0.08991372778777679,0.10027239659813497,0.05222914583422884,0.030302353936965457,0.012156570202503623
23,21111011505,0.08948019742088882,0.08973717557387459,0.0892188204786302,0.0814556130326535,0.08773814197627773,0.07972464758939764,0.16419312117173182,0.11612457342614203,0.007298844332436817
23,21111011508,0.05902663152955227,0.056600283930202173,0.061494511810448405,0.05253348233932491,0.05139104746652639,0.06360820958056733,0.03462209340059568,0.03347819000515518,0.09277109719889347
23,21111011513,0.11399362181699005,0.11138799768028826,0.11664384737746444,0.11896934739887756,0.11459141390708308,0.10343560604461767,0.12272708809028102,0.25138901711060996,0.06876072389741823
23,21111011514,0.10566068639902401,0.09707502029967244,0.11439331649317186,0.08109122690166194,0.11603426018978633,0.10884190370215586,0.07800001465523496,0.08837143853052239,0.12478798040642569
23,21111011515,0.09872802193402275,0.09561312195769471,0.10189624079541044,0.10777422162150505,0.09506674816876655,0.10003123217978846,0.11599919981820225,0.062090901834348906,0.07038863644735383
23,21111011516,0.045875541844136086,0.04166171328200567,0.050161500054882124,0.04940917074636006,0.0445026759621767,0.05156741224535173,0.02242854905580178,0.03276877098990829,0.01315552765521787
23,21111011706,0.09259091910421391,0.0967860036196809,0.08832402578885107,0.07459284728710273,0.0799093548315855,0.09838441475581726,0.049901469599416444,0.10683900518689299,0.07640080433046471
23,21111011707,0.05425823933701211,0.052411120298599484,0.05613697618930291,0.04242277454408693,0.05781258460067702,0.0623276060550196,0.013101564961621496,0,0.030560321732185883
23,21111011708,0.06919703875771074,0.08126058328808668,0.056926998112173624,0.08465712156090512,0.07683301841276624,0.06755742793093455,0.07245340030159969,0.10367882738099897,0.1108542852166463
23,21111011709,0.026264104339519426,0.025071520516680428,0.027477102056948047,0.025090502258616372,0.0269437269558017,0.02952465439631157,0.013668225132023797,0.013611147044191103,0
23,21111011710,0.09281229408604484,0.08993522460961556,0.095738611415659855,0.09663879296175501,0.09247707045838774,0.08962972025136395,0.11029689572341816,0.05599774322726171,0.10441443258496844
23,21111011711,0.15209093362678375,0.16243629748962068,0.14156848437729072,0.18534055238504596,0.1566774300137161,0.14534538703938174,0.20259852853934984,0.13562177421731322,0.3004809376095902
23,21111011712,2.1769804101257633e-5,2.393745397844986e-5,1.956504976628829e-5,2.4346962104867807e-5,2.252705644899972e-5,2.1778229292651198e-5,9.849550723082032e-6,2.8611046655299156e-5,1.2640858839855362e-4
24,21111011002,0.04798403081727179,0.039754547998666866,0.05604841307434959,0.06952455313352329,0.0482554316392698,0.02211754687296194,0.11220080637082067,0.0554157017503019,0.254059637160086
24,21111011302,7.485507088765729e-5,7.438931794497819e-5,7.531147985647266e-5,7.047169882450274e-5,5.983222278981441e-5,2.0400286242828327e-5,2.2201488505117095e-4,1.686512856756788e-4,2.656811110689167e-4
24,21111011406,1.8485297946066487e-5,1.901240358030981e-5,1.796876714843391e-5,1.8273574771918065e-5,1.7227718925079664e-5,1.192610255616706e-5,4.0223360114284994e-5,3.0343164113597177e-5,1.0627374992611485e-5
24,21111011505,0.14961023308904112,0.1607302333320567,0.13871332320598756,0.13909475501556964,0.1542961378624526,0.13588450575369287,0.17744547542015107,0.20475393676979484,0.10476976227192863
24,21111011508,0.030663291333620078,0.030420031635936023,0.030901670735230882,0.03286235738596637,0.0264428630665669,0.03555504932952271,0.031148210469588093,0.006984888950647842,0.0026842929753560455
24,21111011509,6.031825450246952e-8,5.1853140169641416e-8,6.861354101494159e-8,4.827610123649178e-8,5.9505812068039433e-8,5.774261148850503e-8,3.569309839815727e-8,1.4374679086956765e-7,4.079184367351411e-8
24,21111011513,0.016766665116155113,0.015017457853946802,0.01848077963832331,0.012096849989354945,0.01347111429724614,0.018722480481434725,0.019630715853001534,0.00553510483430847,0
24,21111011706,0.028449030068802977,0.029869727319849795,0.027056834962918625,0.018664238400574858,0.025223700670568575,0.036945277892716726,0.007409972396747807,0.014429370621212982,0
24,21111011707,0.14733065516591726,0.14020284617189513,0.15431546546933994,0.21930488615453186,0.1424053536407545,0.13338742411854793,0.22038911108438008,0.08644914218647985,0.2038895434419426
24,21111011711,3.468556830814219e-6,5.204864591399691e-6,1.7670830194057844e-6,2.342253990969386e-7,4.708660548196576e-6,4.6538991146481085e-6,1.2313635223527653e-6,0,2.9527075436526275e-6
24,21111011712,0.06003692228197004,0.0672545042182814,0.05296414006841392,0.06118123487282039,0.06181824694339523,0.07197597901060666,0.015891250508825627,0.03137320732166276,0.18173804409975314
24,21111011713,0.051042725529770065,0.04651907426875995,0.05547562292692167,0.027867195977029587,0.06137554705137359,0.06463277687485203,0.022064121038328475,0.02408535849596878,0.010073231598948353
24,21111011901,3.229493958623902e-5,3.5031092223617744e-5,2.961367986823475e-5,5.593019937619636e-5,2.5961497848815918e-5,1.2852377261459021e-5,3.571813613295708e-6,2.536354322902257e-4,0
24,21111011904,5.824913450810676e-7,6.323974704700388e-7,5.335864404865229e-7,4.3466054291528634e-7,6.048843112975893e-7,4.1764715309884375e-7,2.5950027230368984e-7,2.7812527674082553e-6,0
24,21111011905,0.22003437140155377,0.22227668532144015,0.2178370429680525,0.22214384995020597,0.22134392119994054,0.22790978576391285,0.21440227327453226,0.19518275638907065,0.05185442246190007
24,21111011906,0.09897219651241335,0.10249335049837746,0.09552168420747832,0.08186909995950817,0.10263806028266423,0.07128814555079992,0.10634192845324768,0.32521727878231993,0
24,21111011907,0.14894557066452505,0.14529269810346235,0.15252515899566566,0.11522067175549211,0.1425854599715426,0.18148415780098442,0.0728039070058515,0.05010521710400057,0.1906499626989593
24,21111012001,3.456134410909039e-5,3.4521348376482735e-5,3.4600537444019126e-5,2.4914770406938066e-5,3.5768883989987744e-5,4.6562495027521056e-5,4.891508853350935e-6,1.2481912593564764e-5,1.8013056770132982e-6
25,21111004500,5.4060291911459e-8,5.849840384709485e-8,5.0181725002566054e-8,4.909681888665593e-8,5.307464413534362e-8,4.92527771852878e-8,9.154137072429076e-8,2.4718140981660905e-8,3.801828104319057e-8
25,21111009000,0.01164955910835721,0.015980179812702458,0.007864931230008395,0.008336640752908893,0.013860671037661313,0.01175386881426651,0.01666819144114703,0.0046984438224680234,0
25,21111009106,0.004363580511140393,0.003939653466519307,0.004734059992257073,0.0024244795163049396,0.0059404766114537905,0.003764265281844795,0.0014415242868247179,0.015431990438170758,0.012966869900320022
25,21111012003,4.821170753796795e-7,3.3202983470422883e-007,6.132817268290241e-7,9.369536477274869e-7,4.0402371837698003e-7,4.3136205820626906e-7,8.169395068385039e-7,9.069216705398627e-7,0
25,21111012103,9.924595439152392e-9,1.1177884166502599e-8,8.829317930228405e-9,1.270380732911415e-8,8.313940233857381e-9,9.431358171797916e-9,1.7514445074432537e-8,5.947150185456632e-9,0
25,21111012105,0.16025737204279003,0.1532729518316259,0.166361215637024,0.13912243048163309,0.15562144193454647,0.17442006035512497,0.1050590905223944,0.14914360950646888,0.10779788689865753
25,21111012106,0.29132997774521546,0.2892492562908193,0.2931483675237256,0.35486845623378965,0.29573526922062104,0.2930511875019738,0.29192759045911204,0.3057293962533539,0.0758178679112601
25,21111012107,0.008570621059213109,0.00893821209718918,0.00824937489494859,0.010413518753269506,0.00847084597655757,0.010329373146596014,0.0020961489631761837,0,0.0013657723042213893
25,21111012202,0.14070241698068955,0.15195841336811514,0.13086554586341506,0.13245159319134792,0.1442946598369342,0.12309742507468514,0.1308545439084463,0.41837452399560215,0.16519464341361814
25,21111012203,0.2005403944509922,0.19638033916049255,0.20417596133684296,0.15681891952837532,0.18555811929657973,0.21111741991193364,0.15154022252824756,0.03297174462620803,0.6018036187575774
25,21111012204,0.1589528460230042,0.15862039701648176,0.15924338076712335,0.18037929229208052,0.1631809617895769,0.1469657379348095,0.28596362829848443,0.047491848959729015,0
25,21111012302,5.610844440674637e-6,4.884995220655736e-6,6.245180574246651e-6,4.6332336854007085e-6,5.029680550515389e-6,4.867256379797967e-6,8.118266798055117e-6,1.4178981018318937e-6,5.20043933459304e-6
25,21111012406,0.023627075132194496,0.02165531025471093,0.025350245281310933,0.015179037262330759,0.02733205920321576,0.025495304676192303,0.014440015330046668,0.026156086912935653,0.03504810235672982
26,21111008700,6.450698380523979e-7,5.186561610665822e-7,7.591433779053123e-7,3.851529623742035e-7,7.018478110256769e-7,7.670237065072891e-7,1.1026525496779568e-7,2.87337620855469e-7,6.405122921366636e-7
26,21111009600,1.7559926713580501e-6,2.087299717875658e-6,1.4570268594647825e-6,2.0602240644691256e-6,1.7290668767401357e-6,2.1957591673997424e-6,0,0,3.820849358134161e-6
26,21111009700,0.0434674254461289,0.04366393014564678,0.04329010296642401,0.04054586357423001,0.04505663775635628,0.057323312074588136,0.007810162198453868,0.004532177008894418,0.0021047504120859472
26,21111010500,0.0732792948098053,0.07192910245168978,0.07449768529922893,0.06918301262814532,0.06127681061297406,0.08418030497495348,0.04233186135487002,0.03814552147307045,0.006953520042168262
26,21111010601,0.06529335161923645,0.07035347230803699,0.060727185261151555,0.03978251979780376,0.07460745170172715,0.07875104479571943,0.02083262231181089,0.028555818412762918,0.054216770782392634
26,21111010602,0.12828959846503632,0.1484018885334992,0.11014061192052184,0.11569752801943729,0.12960601983624095,0.113286261011535,0.11429335513543319,0.33409348865872157,0.09621792882556848
26,21111010800,0.07745581350008147,0.06857964025695132,0.08546552041102902,0.05122896994792876,0.0719650086687816,0.08615933227509218,0.07611033733272898,0.014334257978005345,0.05869285585894008
26,21111010901,0.15449348377681288,0.14295957280734162,0.164901487752392,0.13320270759278657,0.1786862615260339,0.14257479024712844,0.22163147966443206,0.14641975135595334,0.27654842686353875
26,21111010902,0.13776866689198985,0.13314186897307345,0.14194381019435667,0.14521139536568162,0.14159077188083002,0.15685300916510836,0.09337890595065684,0.055619884638149736,0.02227743090750745
26,21111011002,1.3294214230133444e-9,1.2883627189174623e-9,1.366472095295555e-9,1.4668023168564528e-9,1.3890073327778328e-9,5.989417491420457e-10,4.922585147812746e-9,1.0161226983886292e-9,4.551553882968925e-9
26,21111011003,0.09300445931526156,0.10439846643886597,0.08272270217718926,0.11096228301079787,0.09432816745232954,0.08810972883723596,0.07150405093858496,0.12996025353832108,0.21927511427755444
26,21111011004,0.18430108658184763,0.17550271330816805,0.1922405881311026,0.22825226370205964,0.1635895411871175,0.15869101682423808,0.25894429182133966,0.22605638397132102,0.2360951588551223
26,21111011111,5.7128617639888545e-6,4.935748374671771e-6,6.414115594272126e-6,4.651690296162662e-6,5.90504483632569e-6,5.633926498303286e-6,1.0762691435795954e-5,0,0
26,21111011114,0.04263870434010481,0.0410618017841105,0.04406167423430039,0.06592635782700376,0.0392849920290777,0.03406260248608699,0.09315205541241361,0.022282174611056565,0.027613577261917502
